Description,Bridge Item,Part Number,W,L,Color,Edge,Material Charge,Total Charge
"Back,23 x 21.75",ZZ Panel 06 DON'T DELETE,820117,23,21.75,WHITE,,3.61
"Back,23 x 29.5",ZZ Panel 06 DON'T DELETE,820103,23,29.5,WHITE,,4.69
"Back,23 x 46.5",ZZ Panel 06 DON'T DELETE,820104,23,46.5,WHITE,,7.31
"Back,23 x 70.5",ZZ Panel 06 DON'T DELETE,820105,23,70.5,WHITE,,8.51
"Back,23 x 76.5",ZZ Panel 06 DON'T DELETE,820106,23,76.5,WHITE,,9.23
"Back,23 x 82.5",ZZ Panel 06 DON'T DELETE,820107,23,82.5,WHITE,,9.94
"Back,23 x 88.5",ZZ Panel 06 DON'T DELETE,820108,23,88.5,WHITE,,10.65
"Back,47 x 21.75",ZZ Panel 06 DON'T DELETE,820118,47,21.75,WHITE,,9.18
"Back,47 x 29.5",ZZ Panel 06 DON'T DELETE,820111,47,29.5,WHITE,,9.49
"Back,47 x 46.5",ZZ Panel 06 DON'T DELETE,820112,47,46.5,WHITE,,14.78
"Back,47 x 70.5",ZZ Panel 06 DON'T DELETE,820113,47,70.5,WHITE,,14.26
"Back,47 x 76.5",ZZ Panel 06 DON'T DELETE,820114,47,76.5,WHITE,,15.46
"Back,47 x 82.5",ZZ Panel 06 DON'T DELETE,820115,47,82.5,WHITE,,16.65
"Back,47 x 88.5",ZZ Panel 06 DON'T DELETE,820116,47,88.5,WHITE,,17.85
"Blind Panel,26 x 23.25 HARDROCK MAPLE",WXL Side Panel,801327,26,23.25,HARDROCK MAPLE,HARDROCK MAPLE,27.30
"Blind Panel,26 x 23.25 White",WXL Side Panel,821327,26,23.25,WHITE,WHITE,26.30
"Blind Panel,26 x 23.25 Windswept WINDSWEPT BRONZE",WXL Side Panel,811327,26,23.25,WINDSWEPT BRONZE,WINDSWEPT BRONZE,31.50
"Blind Panel,26 x 23.25 Windswept WINDSWEPT PEWTER",WXL Side Panel,831327,26,23.25,WINDSWEPT PEWTER,WINDSWEPT PEWTER,31.50
"Blind Panel,26 x 31 Granite",WXL Side Panel,880323a,26,31,,,25.46
"Blind Panel,26 x 31 HARDROCK MAPLE",WXL Side Panel,801323,26,31,HARDROCK MAPLE,HARDROCK MAPLE,31.50
"Blind Panel,26 x 31 Red",WXL Side Panel,880323b,26,31,,,25.46
"Blind Panel,26 x 31 White",WXL Side Panel,821323,26,31,WHITE,WHITE,30.50
"Blind Panel,26 x 31 Windswept WINDSWEPT BRONZE",WXL Side Panel,811323,26,31,WINDSWEPT BRONZE,WINDSWEPT BRONZE,36.50
"Blind Panel,26 x 31 Windswept WINDSWEPT PEWTER",WXL Side Panel,831323,26,31,WINDSWEPT PEWTER,WINDSWEPT PEWTER,36.50
"Blind Panel,26 x 78 Granite",WXL Side Panel,880324a,26,78,,,52.97
"Blind Panel,26 x 78 HARDROCK MAPLE",WXL Side Panel,801324,26,78,HARDROCK MAPLE,HARDROCK MAPLE,35.60
"Blind Panel,26 x 78 Red",WXL Side Panel,880324b,26,78,,,52.97
"Blind Panel,26 x 78 White",WXL Side Panel,821324,26,78,WHITE,WHITE,34.60
"Blind Panel,26 x 78 Windswept WINDSWEPT BRONZE",WXL Side Panel,811324,26,78,WINDSWEPT BRONZE,WINDSWEPT BRONZE,41.40
"Blind Panel,26 x 78 Windswept WINDSWEPT PEWTER",WXL Side Panel,831324,26,78,WINDSWEPT PEWTER,WINDSWEPT PEWTER,41.40
"Blind Panel,26 x 84 Granite",WXL Side Panel,880325a,26,84,,,54.20
"Blind Panel,26 x 84 HARDROCK MAPLE",WXL Side Panel,801325,26,84,HARDROCK MAPLE,HARDROCK MAPLE,35.60
"Blind Panel,26 x 84 Red",WXL Side Panel,880325b,26,84,,,54.20
"Blind Panel,26 x 84 White",WXL Side Panel,821325,26,84,WHITE,WHITE,34.60
"Blind Panel,26 x 84 Windswept WINDSWEPT BRONZE",WXL Side Panel,811325,26,84,WINDSWEPT BRONZE,WINDSWEPT BRONZE,41.40
"Blind Panel,26 x 84 Windswept WINDSWEPT PEWTER",WXL Side Panel,831325,26,84,WINDSWEPT PEWTER,WINDSWEPT PEWTER,41.40
"Blind Panel,26 x 90 HARDROCK MAPLE",WXL Side Panel,801326,26,90,HARDROCK MAPLE,HARDROCK MAPLE,36.75
"Blind Panel,26 x 90 White",WXL Side Panel,821326,26,90,WHITE,WHITE,35.75
"Blind Panel,26 x 90 Windswept WINDSWEPT BRONZE",WXL Side Panel,811326,26,90,WINDSWEPT BRONZE,WINDSWEPT BRONZE,42.80
"Blind Panel,26 x 90 Windswept WINDSWEPT PEWTER",WXL Side Panel,831326,26,90,WINDSWEPT PEWTER,WINDSWEPT PEWTER,42.80
"Deck Filler,Sliding Doors,14.875 x 46.5",WXL Deck,820206,14.875,46.5,WHITE,WHITE,4.60
"Deck Filler,Sliding Doors,46.5 x 21.75",WXL Deck,820207,46.5,21.75,WHITE,WHITE,4.60
"Deck,12 x 22.5 w/HARDROCK MAPLE Edge",WXL Deck,800200,12,,WHITE,HARDROCK MAPLE,4.70
"Deck,12 x 22.5 w/White Edge",WXL Deck,820200,12,,WHITE,WHITE,9.45
"Deck,12 x 22.5 w/Windswept WINDSWEPT BRONZE Edge",WXL Deck,810200,12,,WHITE,WINDSWEPT BRONZE,4.70
"Deck,12 x 22.5 w/Windswept WINDSWEPT PEWTER Edge",WXL Deck,830200,12,,WHITE,WINDSWEPT PEWTER,4.70
"Deck,12 x 46.5 w/HARDROCK MAPLE Edge",WXL Deck,800201,12,,WHITE,HARDROCK MAPLE,9.69
"Deck,12 x 46.5 w/White Edge",WXL Deck,820201,12,,WHITE,WHITE,11.76
"Deck,12 x 46.5 w/Windswept WINDSWEPT BRONZE Edge",WXL Deck,810201,12,,WHITE,WINDSWEPT BRONZE,9.69
"Deck,12 x 46.5 w/Windswept WINDSWEPT PEWTER Edge",WXL Deck,830201,12,,WHITE,WINDSWEPT PEWTER,9.69
"Deck,16 x 22.5 w/HARDROCK MAPLE Edge",WXL Deck,800202,16,,WHITE,HARDROCK MAPLE,6.08
"Deck,16 x 22.5 w/White Edge",WXL Deck,820202,16,,WHITE,WHITE,6.08
"Deck,16 x 22.5 w/Windswept WINDSWEPT BRONZE Edge",WXL Deck,810202,16,,WHITE,WINDSWEPT BRONZE,6.08
"Deck,16 x 22.5 w/Windswept WINDSWEPT PEWTER Edge",WXL Deck,830202,16,,WHITE,WINDSWEPT PEWTER,6.08
"Deck,16 x 46.5 w/HARDROCK MAPLE Edge",WXL Deck,800203,16,,WHITE,HARDROCK MAPLE,11.92
"Deck,16 x 46.5 w/White Edge",WXL Deck,820203,16,,WHITE,WHITE,11.92
"Deck,16 x 46.5 w/Windswept WINDSWEPT BRONZE Edge",WXL Deck,810203,16,,WHITE,WINDSWEPT BRONZE,11.92
"Deck,16 x 46.5 w/Windswept WINDSWEPT PEWTER Edge",WXL Deck,830203,16,,WHITE,WINDSWEPT PEWTER,11.92
"Deck,20 x 22.5 w/HARDROCK MAPLE Edge",WXL Deck,800208,20,,WHITE,HARDROCK MAPLE,7.54
"Deck,20 x 22.5 w/White Edge",WXL Deck,820208,20,,WHITE,WHITE,7.54
"Deck,20 x 22.5 w/Windswept WINDSWEPT BRONZE Edge",WXL Deck,810208,20,,WHITE,WINDSWEPT BRONZE,7.54
"Deck,20 x 22.5 w/Windswept WINDSWEPT PEWTER Edge",WXL Deck,830208,20,,WHITE,WINDSWEPT PEWTER,7.54
"Deck,20 x 46.5 w/HARDROCK MAPLE Edge",WXL Deck,800209,20,,WHITE,HARDROCK MAPLE,14.75
"Deck,20 x 46.5 w/White Edge",WXL Deck,820209,20,,WHITE,WHITE,14.78
"Deck,20 x 46.5 w/Windswept WINDSWEPT BRONZE Edge",WXL Deck,810209,20,,WHITE,WINDSWEPT BRONZE,14.78
"Deck,20 x 46.5 w/Windswept WINDSWEPT PEWTER Edge",WXL Deck,830209,20,,WHITE,WINDSWEPT PEWTER,14.78
"Deck,23 x 22.5 w/HARDROCK MAPLE Edge",WXL Deck,800204,23,,WHITE,HARDROCK MAPLE,8.78
"Deck,23 x 22.5 w/White Edge",WXL Deck,820204,23,,WHITE,WHITE,8.78
"Deck,23 x 22.5 w/Windswept WINDSWEPT BRONZE Edge",WXL Deck,810204,23,,WHITE,WINDSWEPT BRONZE,8.78
"Deck,23 x 22.5 w/Windswept WINDSWEPT PEWTER Edge",WXL Deck,830204,23,,WHITE,WINDSWEPT PEWTER,8.78
"Deck,23 x 46.5 w/HARDROCK MAPLE Edge",WXL Deck,800205,23,,WHITE,HARDROCK MAPLE,16.92
"Deck,23 x 46.5 w/White Edge",WXL Deck,820205,23,,WHITE,WHITE,16.92
"Deck,23 x 46.5 w/Windswept WINDSWEPT BRONZE Edge",WXL Deck,810205,23,,WHITE,WINDSWEPT BRONZE,16.92
"Deck,23 x 46.5 w/Windswept WINDSWEPT PEWTER Edge",WXL Deck,830205,23,,WHITE,WINDSWEPT PEWTER,16.92
"Door,23.875 x 23 Granite",Powder Coated Door,880300a,23.875,,,,17.56
"Door,23.875 x 23 HARDROCK MAPLE",WXL Door,800300,23.875,,HARDROCK MAPLE,HARDROCK MAPLE,10.48
"Door,23.875 x 23 Red",Powder Coated Door,880300b,23.875,,,,17.56
"Door,23.875 x 23 White",WXL Door,820300,23.875,,WHITE,WHITE,8.55
"Door,23.875 x 23 Windswept WINDSWEPT BRONZE",WXL Door,810300,23.875,,WINDSWEPT BRONZE,WINDSWEPT BRONZE,13.47
"Door,23.875 x 23 Windswept WINDSWEPT PEWTER",WXL Door,830300,23.875,,WINDSWEPT PEWTER,WINDSWEPT PEWTER,13.47
"Door,23.875 x 30.75 Granite",Powder Coated Door,880310a,23.875,,,,22.01
"Door,23.875 x 30.75 HARDROCK MAPLE",WXL Door,800310,23.875,,HARDROCK MAPLE,HARDROCK MAPLE,13.40
"Door,23.875 x 30.75 Red",Powder Coated Door,880310b,23.875,,,,22.01
"Door,23.875 x 30.75 White",WXL Door,820310,23.875,,WHITE,WHITE,10.98
"Door,23.875 x 30.75 Windswept WINDSWEPT BRONZE",WXL Door,810310,23.875,,WINDSWEPT BRONZE,WINDSWEPT BRONZE,17.10
"Door,23.875 x 30.75 Windswept WINDSWEPT PEWTER",WXL Door,830310,23.875,,WINDSWEPT PEWTER,WINDSWEPT PEWTER,17.10
"Door,23.875 x 48 Granite",Powder Coated Door,880305a,23.875,,,,30.76
"Door,23.875 x 48 HARDROCK MAPLE",WXL Door,800305,23.875,,HARDROCK MAPLE,HARDROCK MAPLE,20.49
"Door,23.875 x 48 Red",Powder Coated Door,880305b,23.875,,,,30.76
"Door,23.875 x 48 White",WXL Door,820305,23.875,,WHITE,WHITE,16.88
"Door,23.875 x 48 Windswept WINDSWEPT BRONZE",WXL Door,810305,23.875,,WINDSWEPT BRONZE,WINDSWEPT BRONZE,25.91
"Door,23.875 x 48 Windswept WINDSWEPT PEWTER",WXL Door,830305,23.875,,WINDSWEPT PEWTER,WINDSWEPT PEWTER,25.91
"Door,23.875 x 72 Granite",Powder Coated Door,880306a,23.875,,,,49.37
"Door,23.875 x 72 HARDROCK MAPLE",WXL Door,800306,23.875,,HARDROCK MAPLE,HARDROCK MAPLE,23.10
"Door,23.875 x 72 Red",Powder Coated Door,880306b,23.875,,,,49.37
"Door,23.875 x 72 White",WXL Door,820306,23.875,,WHITE,WHITE,19.09
"Door,23.875 x 72 Windswept WINDSWEPT BRONZE",WXL Door,810306,23.875,,WINDSWEPT BRONZE,WINDSWEPT BRONZE,29.02
"Door,23.875 x 72 Windswept WINDSWEPT PEWTER",WXL Door,830306,23.875,,WINDSWEPT PEWTER,WINDSWEPT PEWTER,29.02
"Door,23.875 x 78 Granite",Powder Coated Door,880307a,23.875,,,,51.26
"Door,23.875 x 78 HARDROCK MAPLE",WXL Door,800307,23.875,,HARDROCK MAPLE,HARDROCK MAPLE,24.99
"Door,23.875 x 78 Red",Powder Coated Door,880307b,23.875,,,,51.26
"Door,23.875 x 78 White",WXL Door,820307,23.875,,WHITE,WHITE,20.67
"Door,23.875 x 78 Windswept WINDSWEPT BRONZE",WXL Door,810307,23.875,,WINDSWEPT BRONZE,WINDSWEPT BRONZE,31.37
"Door,23.875 x 78 Windswept WINDSWEPT PEWTER",WXL Door,830307,23.875,,WINDSWEPT PEWTER,WINDSWEPT PEWTER,31.37
"Door,23.875 x 84 Granite",Powder Coated Door,880308a,23.875,,,,53.16
"Door,23.875 x 84 HARDROCK MAPLE",WXL Door,800308,23.875,,HARDROCK MAPLE,HARDROCK MAPLE,26.89
"Door,23.875 x 84 Red",Powder Coated Door,880308b,23.875,,,,53.16
"Door,23.875 x 84 White",WXL Door,820308,23.875,,WHITE,WHITE,22.25
"Door,23.875 x 84 Windswept WINDSWEPT BRONZE",WXL Door,810308,23.875,,WINDSWEPT BRONZE,WINDSWEPT BRONZE,33.73
"Door,23.875 x 84 Windswept WINDSWEPT PEWTER",WXL Door,830308,23.875,,WINDSWEPT PEWTER,WINDSWEPT PEWTER,33.73
"Door,23.875 x 90 HARDROCK MAPLE",WXL Door,800309,23.875,,HARDROCK MAPLE,HARDROCK MAPLE,28.79
"Door,23.875 x 90 White",WXL Door,820309,23.875,,WHITE,WHITE,23.83
"Door,23.875 x 90 Windswept WINDSWEPT BRONZE",WXL Door,810309,23.875,,WINDSWEPT BRONZE,WINDSWEPT BRONZE,36.08
"Door,23.875 x 90 Windswept WINDSWEPT PEWTER",WXL Door,830309,23.875,,WINDSWEPT PEWTER,WINDSWEPT PEWTER,36.08
"Door,Blind Panel 21.8125 x 23 HARDROCK MAPLE",WXL Door,801307,12.8125,,HARDROCK MAPLE,HARDROCK MAPLE,14.07
"Door,Blind Panel 21.8125 x 23 White",WXL Door,821307,12.8125,,WHITE,WHITE,8.55
"Door,Blind Panel 21.8125 x 23 Windswept WINDSWEPT BRONZE",WXL Door,811307,12.8125,,WINDSWEPT BRONZE,WINDSWEPT BRONZE,15.50
"Door,Blind Panel 21.8125 x 23 Windswept WINDSWEPT PEWTER",WXL Door,831307,12.8125,,WINDSWEPT PEWTER,WINDSWEPT PEWTER,15.50
"Door,Blind Panel 21.8125 x 30.75 HARDROCK MAPLE",WXL Door,801308,12.8125,,HARDROCK MAPLE,HARDROCK MAPLE,16.49
"Door,Blind Panel 21.8125 x 30.75 White",WXL Door,821308,12.8125,,WHITE,WHITE,10.98
"Door,Blind Panel 21.8125 x 30.75 Windswept WINDSWEPT BRONZE",WXL Door,811308,12.8125,,WINDSWEPT BRONZE,WINDSWEPT BRONZE,18.60
"Door,Blind Panel 21.8125 x 30.75 Windswept WINDSWEPT PEWTER",WXL Door,831308,12.8125,,WINDSWEPT PEWTER,WINDSWEPT PEWTER,18.60
"Door,Blind Panel 21.8125 x 78 HARDROCK MAPLE",WXL Door,801304,12.8125,,HARDROCK MAPLE,HARDROCK MAPLE,28.25
"Door,Blind Panel 21.8125 x 78 White",WXL Door,821304,12.8125,,WHITE,WHITE,20.67
"Door,Blind Panel 21.8125 x 78 Windswept WINDSWEPT BRONZE",WXL Door,811304,12.8125,,WINDSWEPT BRONZE,WINDSWEPT BRONZE,32.60
"Door,Blind Panel 21.8125 x 78 Windswept WINDSWEPT PEWTER",WXL Door,831304,12.8125,,WINDSWEPT PEWTER,WINDSWEPT PEWTER,32.60
"Door,Blind Panel 21.8125 x 84 HARDROCK MAPLE",WXL Door,801305,12.8125,,HARDROCK MAPLE,HARDROCK MAPLE,28.25
"Door,Blind Panel 21.8125 x 84 White",WXL Door,821305,12.8125,,WHITE,WHITE,22.25
"Door,Blind Panel 21.8125 x 84 Windswept WINDSWEPT BRONZE",WXL Door,811305,12.8125,,WINDSWEPT BRONZE,WINDSWEPT BRONZE,32.60
"Door,Blind Panel 21.8125 x 84 Windswept WINDSWEPT PEWTER",WXL Door,831305,12.8125,,WINDSWEPT PEWTER,WINDSWEPT PEWTER,32.60
"Door,Blind Panel 21.8125 x 90 HARDROCK MAPLE",WXL Door,801306,12.8125,,HARDROCK MAPLE,HARDROCK MAPLE,30.56
"Door,Blind Panel 21.8125 x 90 White",WXL Door,821306,12.8125,90,WHITE,WHITE,23.83
"Door,Blind Panel 21.8125 x 90 Windswept WINDSWEPT BRONZE",WXL Door,811306,12.8125,90,WINDSWEPT BRONZE,WINDSWEPT BRONZE,35.40
"Door,Blind Panel 21.8125 x 90 Windswept WINDSWEPT PEWTER",WXL Door,831306,12.8125,90,WINDSWEPT PEWTER,WINDSWEPT PEWTER,35.40
"Door,Sliding 23.875 x 71 HARDROCK MAPLE",WXL Door,800314,23.875,71,HARDROCK MAPLE,HARDROCK MAPLE,28.25
"Door,Sliding 23.875 x 71 Windswept WINDSWEPT BRONZE",WXL Door,810314,23.875,71,WINDSWEPT BRONZE,WINDSWEPT BRONZE,31.37
"Door,Sliding 23.875 x 71 Windswept WINDSWEPT PEWTER",WXL Door,830314,23.875,71,WINDSWEPT PEWTER,WINDSWEPT PEWTER,33.60
"Door,Sliding 23.875 x 77 Granite",WXL Door,880311a,23.875,77,,,51.26
"Door,Sliding 23.875 x 77 HARDROCK MAPLE",WXL Door,800311,23.875,77,HARDROCK MAPLE,HARDROCK MAPLE,28.25
"Door,Sliding 23.875 x 77 Red",WXL Door,880311b,23.875,77,,,51.26
"Door,Sliding 23.875 x 77 Windswept WINDSWEPT BRONZE",WXL Door,810311,23.875,77,WINDSWEPT BRONZE,WINDSWEPT BRONZE,31.37
"Door,Sliding 23.875 x 77 Windswept WINDSWEPT PEWTER",WXL Door,830311,23.875,77,WINDSWEPT PEWTER,WINDSWEPT PEWTER,31.37
"Door,Sliding 23.875 x 83 Granite",WXL Door,880312a,23.875,83,,,53.16
"Door,Sliding 23.875 x 83 HARDROCK MAPLE",WXL Door,800312,23.875,83,HARDROCK MAPLE,HARDROCK MAPLE,28.25
"Door,Sliding 23.875 x 83 Red",WXL Door,880312b,23.875,83,,,53.16
"Door,Sliding 23.875 x 83 Windswept WINDSWEPT BRONZE",WXL Door,810312,23.875,83,WINDSWEPT BRONZE,WINDSWEPT BRONZE,33.73
"Door,Sliding 23.875 x 83 Windswept WINDSWEPT PEWTER",WXL Door,830312,23.875,83,WINDSWEPT PEWTER,WINDSWEPT PEWTER,33.73
"Door,Sliding 23.875 x 89 HARDROCK MAPLE",WXL Door,800313,23.875,89,HARDROCK MAPLE,HARDROCK MAPLE,28.25
"Door,Sliding 23.875 x 89 Windswept WINDSWEPT BRONZE",WXL Door,810313,23.875,89,WINDSWEPT BRONZE,WINDSWEPT BRONZE,36.08
"Door,Sliding 23.875 x 89 Windswept WINDSWEPT PEWTER",WXL Door,830313,23.875,89,WINDSWEPT PEWTER,WINDSWEPT PEWTER,36.08
"Drawer Box, 21.5 x 14.5 x 5",Drawer Box,820402,,,WHITE,WHITE,16.14
"Drawer Box, 21.5 x 14.5 x 11 (Unit packs 2 pcs.)",Drawer Box,820405,,,WHITE,WHITE,24.70
"Drawer Box, 21.5 x 18.5 x 11",Drawer Box,820408,,,WHITE,WHITE,27.17
"Drawer Box, 21.5 x 18.5 x 2.5",Drawer Box,820409,,,WHITE,WHITE,11.94
"Drawer Box, 21.5 x 18.5 x 5",Drawer Box,820407,,,WHITE,WHITE,14.72
"Drawer Box, 21.5 x 21.5 x 11 (Unit packs 2 pcs.)",Drawer Box,820404,,,WHITE,WHITE,25.42
"Drawer Box, 21.5 x 21.5 x 2.5",Drawer Box,820406,,,WHITE,WHITE,14.76
"Drawer Box, 21.5 x 21.5 x 5",Drawer Box,820403,,,WHITE,WHITE,18.97
"Drawer Box,Stainless 20.5 x 14.5 x 5",,820400,,,,,14.28
"Drawer Box,Stainless 20.5 x 21.5 x 11",,820410,,,,,24.84
"Drawer Box,Stainless 20.5 x 21.5 x 5",,820401,,,,,15.93
"Drawer Front,23.875 x 3.71875 Granite",,880502a,23.875,3.71875,,,8.52
"Drawer Front,23.875 x 3.71875 HARDROCK MAPLE",WXL Door,800502,23.875,3.71875,HARDROCK MAPLE,HARDROCK MAPLE,4.73
"Drawer Front,23.875 x 3.71875 Red",,880502b,23.875,3.71875,,,8.52
"Drawer Front,23.875 x 3.71875 White",WXL Door,820502,23.875,3.71875,WHITE,WHITE,3.73
"Drawer Front,23.875 x 3.71875 Windswept WINDSWEPT PEWTER",WXL Door,830502,23.875,3.71875,WINDSWEPT PEWTER,WINDSWEPT PEWTER,4.60
"Drawer Front,23.875 x 3.71875 Windswept WINDSWEPT BRONZE",WXL Door,810502,23.875,3.71875,WINDSWEPT BRONZE,WINDSWEPT BRONZE,4.60
"Drawer Front,23.875 x 7.5625 Granite",,880500a,23.875,7.5625,,,8.52
"Drawer Front,23.875 x 7.5625 HARDROCK MAPLE",WXL Door,800500,23.875,7.5625,HARDROCK MAPLE,HARDROCK MAPLE,4.73
"Drawer Front,23.875 x 7.5625 Red",,880500b,23.875,7.5625,,,8.52
"Drawer Front,23.875 x 7.5625 White",WXL Door,820500,23.875,7.5625,WHITE,WHITE,3.78
"Drawer Front,23.875 x 7.5625 Windswept WINDSWEPT BRONZE",WXL Door,810500,23.875,7.5625,WINDSWEPT PEWTER,WINDSWEPT PEWTER,4.60
"Drawer Front,23.875 x 7.5625 Windswept WINDSWEPT PEWTER",WXL Door,830500,23.875,7.5625,WINDSWEPT BRONZE,WINDSWEPT BRONZE,4.60
"Drawer Front,23.875 x15.3125 Granite(Unit pack 2 pcs.)",,880501a,23.875,15.3125,,,12.36
"Drawer Front,23.875 x 15.3125 HARDROCK MAPLE(Unit pack 2 pcs.)",WXL Door,800501,23.875,15.3125,HARDROCK MAPLE,HARDROCK MAPLE,8.40
"Drawer Front,23.875 x 15.3125 Red(Unit pack 2 pcs.)",,880501b,23.875,15.3125,,,12.36
"Drawer Front,23.875 x15.3125 White (Unit pack 2 pcs.)",WXL Door,820501,23.875,15.3125,WHITE,WHITE,7.40
"Drawer Front,23.875 x15.3125 Windswept WINDSWEPT BRONZE (Unit pack 2 pcs.)",WXL Door,810501,23.875,15.3125,WINDSWEPT PEWTER,WINDSWEPT PEWTER,8.10
"Drawer Front,23.875 x15.3125 Windswept WINDSWEPT PEWTER (Unit pack 2 pcs.)",WXL Door,830501,23.875,15.3125,WINDSWEPT BRONZE,WINDSWEPT BRONZE,8.10
"Nailer,3 x 22.5",ZZ Nailer DON'T DELETE,820640,22.5,3,PB,,1.64
"Nailer,3 x 46.5",ZZ Nailer DON'T DELETE,820641,46.5,3,PB,,2.83
"Partition,Center Divider 76 x 21.875 White",WXL Internal Component,821202,21.875,76,WHITE,WHITE,19.66
"Partition,Center Divider 82 x 21.875 White",WXL Internal Component,821203,21.875,76,WHITE,WHITE,21.16
"Partition,Center Divider 88 x 21.875 White",WXL Internal Component,821204,21.875,76,WHITE,WHITE,22.66
"Sample,Butcher Block Countertop",CTOP - Butcher Block,890020,,,,,26.25
"Sample,Granite Wood",,881400a,,,,,0.00
"Sample,HARDROCK MAPLE Wood",,801400,,,,,3.15
"Sample,Red Wood",,881400b,,,,,0.00
"Sample,White Wood",,821400,,,,,2.75
"Sample,WS WINDSWEPT BRONZE Wood",,811400,,,,,2.75
"Sample,WS WINDSWEPT PEWTER Wood",,831400,,,,,2.75
"Shelf,10.75 x 22.5 White",WXL Internal Component,820700,10.75,22.5,WHITE,WHITE,4.25
"Shelf,10.75 x 46.5 White",WXL Internal Component,820701,10.75,46.5,WHITE,WHITE,8.79
"Shelf,14.75 x 22.5 White",WXL Internal Component,820702,14.75,22.5,WHITE,WHITE,6.03
"Shelf,14.75 x 46.5 White",WXL Internal Component,820703,14.75,46.5,WHITE,WHITE,11.01
"Shelf,18.75 x 22.5 White",WXL Internal Component,820710,18.75,22.5,WHITE,WHITE,7.06
"Shelf,18.75 x 46.5 White",WXL Internal Component,820711,1875,46.5,WHITE,WHITE,13.86
"Shelf,21.75 x 22.5 White",WXL Internal Component,820704,21.75,22.5,WHITE,WHITE,8.29
"Shelf,21.75 x 46.5 White",WXL Internal Component,820705,21.75,46.5,WHITE,WHITE,16.00
"Shelf,Center Divider - 21.75 x 22.875 White",WXL Internal Component,820708,21.75,22.875,WHITE,WHITE,13.07
"Shelf,Fixed 21.75 x 22.5 White",WXL Internal Component,820706,21.75,22.5,WHITE,WHITE,13.07
"Shelf,Fixed 21.75 x 46.5 White",WXL Internal Component,820707,21.75,46.5,WHITE,WHITE,16.00
"Shelf,Fixed Center Divider 21.75 x 22.875 White",WXL Internal Component,820709,21.75,22.875,WHITE,WHITE,13.07
"Side,1 & 4 Drawer 16 x 31 HARDROCK MAPLE",WXL Side Panel,800904,16,31,HARDROCK MAPLE,HARDROCK MAPLE,10.59
"Side,1 & 4 Drawer 16 x 31 Windswept WINDSWEPT BRONZE",WXL Side Panel,810904,16,31,WINDSWEPT BRONZE,WINDSWEPT BRONZE,13.40
"Side,1 & 4 Drawer 16 x 31 Windswept WINDSWEPT PEWTER",WXL Side Panel,830904,16,31,WINDSWEPT PEWTER,WINDSWEPT PEWTER,13.40
"Side,1 & 4 Drawer 20 x 31 HARDROCK MAPLE",WXL Side Panel,800906,20,31,HARDROCK MAPLE,HARDROCK MAPLE,13.76
"Side,1 & 4 Drawer 20 x 31 Windswept WINDSWEPT BRONZE",WXL Side Panel,810906,20,31,WINDSWEPT BRONZE,WINDSWEPT BRONZE,16.53
"Side,1 & 4 Drawer 20 x 31 Windswept WINDSWEPT PEWTER",WXL Side Panel,830906,20,31,WINDSWEPT PEWTER,WINDSWEPT PEWTER,16.53
"Side,1 & 4 Drawer 23 x 31 HARDROCK MAPLE",WXL Side Panel,800905,23,31,HARDROCK MAPLE,HARDROCK MAPLE,15.03
"Side,1 & 4 Drawer 23 x 31 White",WXL Side Panel,820905,23,31,WHITE,WHITE,12.42
"Side,1 & 4 Drawer 23 x 31 Windswept WINDSWEPT BRONZE",WXL Side Panel,810905,23,31,WINDSWEPT BRONZE,WINDSWEPT BRONZE,18.87
"Side,1 & 4 Drawer 23 x 31 Windswept WINDSWEPT PEWTER",WXL Side Panel,830905,23,31,WINDSWEPT PEWTER,WINDSWEPT PEWTER,18.87
"Side,1& 4 Drawer 16 x 31 White",WXL Side Panel,820904,16,31,WHITE,WHITE,8.71
"Side,1& 4 Drawer 20 x 31 White",WXL Side Panel,820906,20,31,WHITE,WHITE,10.83
"Side,12 x 23.25 HARDROCK MAPLE",WXL Side Panel,800818,12,23.25,HARDROCK MAPLE,HARDROCK MAPLE,9.36
"Side,12 x 23.25 White",WXL Side Panel,820818,12,23.25,WHITE,WHITE,10.93
"Side,12 x 23.25 Windswept WINDSWEPT BRONZE",WXL Side Panel,810818,12,23.25,WINDSWEPT BRONZE,WINDSWEPT BRONZE,12.01
"Side,12 x 23.25 Windswept WINDSWEPT PEWTER",WXL Side Panel,830818,12,23.25,WINDSWEPT PEWTER,WINDSWEPT PEWTER,12.01
"Side,12 x 31 HARDROCK MAPLE",WXL Side Panel,800819,12,31,HARDROCK MAPLE,HARDROCK MAPLE,11.57
"Side,12 x 31 White",WXL Side Panel,820819,12,31,WHITE,WHITE,12.65
"Side,12 x 31 Windswept WINDSWEPT BRONZE",WXL Side Panel,810819,12,31,WINDSWEPT BRONZE,WINDSWEPT BRONZE,14.74
"Side,12 x 31 Windswept WINDSWEPT PEWTER",WXL Side Panel,830819,12,31,WINDSWEPT PEWTER,WINDSWEPT PEWTER,14.74
"Side,16 x 23.25 HARDROCK MAPLE",WXL Side Panel,800820,16,23.25,HARDROCK MAPLE,HARDROCK MAPLE,8.15
"Side,16 x 23.25 White",WXL Side Panel,820820,16,23.25,WHITE,WHITE,6.68
"Side,16 x 23.25 Windswept WINDSWEPT BRONZE",WXL Side Panel,810820,16,23.25,WINDSWEPT BRONZE,WINDSWEPT BRONZE,10.39
"Side,16 x 23.25 Windswept WINDSWEPT PEWTER",WXL Side Panel,830820,16,23.25,WINDSWEPT PEWTER,WINDSWEPT PEWTER,10.39
"Side,16 x 31 HARDROCK MAPLE",WXL Side Panel,800804,16,31,HARDROCK MAPLE,HARDROCK MAPLE,10.59
"Side,16 x 31 White",WXL Side Panel,820804,16,31,WHITE,WHITE,8.71
"Side,16 x 31 Windswept WINDSWEPT BRONZE",WXL Side Panel,810804,16,31,WINDSWEPT BRONZE,WINDSWEPT BRONZE,13.40
"Side,16 x 31 Windswept WINDSWEPT PEWTER",WXL Side Panel,830804,16,31,WINDSWEPT PEWTER,WINDSWEPT PEWTER,13.40
"Side,16 x 48 HARDROCK MAPLE",WXL Side Panel,800805,16,48,HARDROCK MAPLE,HARDROCK MAPLE,15.86
"Side,16 x 48 White",WXL Side Panel,820805,16,48,WHITE,WHITE,13.12
"Side,16 x 48 Windswept WINDSWEPT BRONZE",WXL Side Panel,810805,16,48,WINDSWEPT BRONZE,WINDSWEPT BRONZE,19.88
"Side,16 x 48 Windswept WINDSWEPT PEWTER",WXL Side Panel,830805,16,48,WINDSWEPT PEWTER,WINDSWEPT PEWTER,19.88
"Side,16 x 72 HARDROCK MAPLE",WXL Side Panel,800806,16,72,HARDROCK MAPLE,HARDROCK MAPLE,20.57
"Side,16 x 72 White",WXL Side Panel,820806,16,72,WHITE,WHITE,17.09
"Side,16 x 72 Windswept WINDSWEPT BRONZE",WXL Side Panel,810806,16,72,WINDSWEPT BRONZE,WINDSWEPT BRONZE,25.60
"Side,16 x 72 Windswept WINDSWEPT PEWTER",WXL Side Panel,830806,16,72,WINDSWEPT PEWTER,WINDSWEPT PEWTER,25.60
"Side,16 x 78 HARDROCK MAPLE",WXL Side Panel,800807,16,78,HARDROCK MAPLE,HARDROCK MAPLE,22.25
"Side,16 x 78 White",WXL Side Panel,820807,16,78,WHITE,WHITE,18.50
"Side,16 x 78 Windswept WINDSWEPT BRONZE",WXL Side Panel,810807,16,78,WINDSWEPT BRONZE,WINDSWEPT BRONZE,25.93
"Side,16 x 78 Windswept WINDSWEPT PEWTER",WXL Side Panel,830807,16,78,WINDSWEPT PEWTER,WINDSWEPT PEWTER,25.93
"Side,16 x 84 HARDROCK MAPLE",WXL Side Panel,800808,16,84,HARDROCK MAPLE,HARDROCK MAPLE,23.93
"Side,16 x 84 White",WXL Side Panel,820808,16,84,WHITE,WHITE,19.91
"Side,16 x 84 Windswept WINDSWEPT BRONZE",WXL Side Panel,810808,16,84,WINDSWEPT BRONZE,WINDSWEPT BRONZE,29.74
"Side,16 x 84 Windswept WINDSWEPT PEWTER",WXL Side Panel,830808,16,84,WINDSWEPT PEWTER,WINDSWEPT PEWTER,29.74
"Side,16 x 90 HARDROCK MAPLE",WXL Side Panel,800809,16,90,HARDROCK MAPLE,HARDROCK MAPLE,25.61
"Side,16 x 90 White",WXL Side Panel,820809,16,90,WHITE,WHITE,21.31
"Side,16 x 90 Windswept WINDSWEPT BRONZE",WXL Side Panel,810809,16,90,WINDSWEPT BRONZE,WINDSWEPT BRONZE,31.81
"Side,16 x 90 Windswept WINDSWEPT PEWTER",WXL Side Panel,830809,16,90,WINDSWEPT PEWTER,WINDSWEPT PEWTER,31.81
"Side,20 x 23.25 HARDROCK MAPLE",WXL Side Panel,800822,20,23.25,HARDROCK MAPLE,HARDROCK MAPLE,10.10
"Side,20 x 23.25 White",WXL Side Panel,820822,20,23.25,WHITE,WHITE,8.30
"Side,20 x 23.25 Windswept WINDSWEPT BRONZE",WXL Side Panel,810822,20,23.25,WINDSWEPT BRONZE,WINDSWEPT BRONZE,12.81
"Side,20 x 23.25 Windswept WINDSWEPT PEWTER",WXL Side Panel,830822,20,23.25,WINDSWEPT PEWTER,WINDSWEPT PEWTER,12.18
"Side,20 x 31 HARDROCK MAPLE",WXL Side Panel,800823,20,31,HARDROCK MAPLE,HARDROCK MAPLE,13.12
"Side,20 x 31 White",WXL Side Panel,820823,20,31,WHITE,WHITE,10.83
"Side,20 x 31 Windswept WINDSWEPT BRONZE",WXL Side Panel,810823,20,31,WINDSWEPT BRONZE,WINDSWEPT BRONZE,16.53
"Side,20 x 31 Windswept WINDSWEPT PEWTER",WXL Side Panel,830823,20,31,WINDSWEPT PEWTER,WINDSWEPT PEWTER,16.53
"Side,20 x 48 HARDROCK MAPLE",WXL Side Panel,800824,20,48,HARDROCK MAPLE,HARDROCK MAPLE,17.20
"Side,20 x 48 White",WXL Side Panel,820824,20,48,WHITE,WHITE,14.28
"Side,20 x 48 Windswept WINDSWEPT BRONZE",WXL Side Panel,810824,20,48,WINDSWEPT BRONZE,WINDSWEPT BRONZE,21.46
"Side,20 x 48 Windswept WINDSWEPT PEWTER",WXL Side Panel,830824,20,48,WINDSWEPT PEWTER,WINDSWEPT PEWTER,21.46
"Side,20 x 72 HARDROCK MAPLE",WXL Side Panel,800825,20,72,HARDROCK MAPLE,HARDROCK MAPLE,21.44
"Side,20 x 72 White",WXL Side Panel,820825,20,72,WHITE,WHITE,17.86
"Side,20 x 72 Windswept WINDSWEPT BRONZE",WXL Side Panel,810825,20,72,WINDSWEPT BRONZE,WINDSWEPT BRONZE,26.57
"Side,20 x 72 Windswept WINDSWEPT PEWTER",WXL Side Panel,830825,20,72,WINDSWEPT PEWTER,WINDSWEPT PEWTER,26.57
"Side,20 x 78 HARDROCK MAPLE",WXL Side Panel,800826,20,78,HARDROCK MAPLE,HARDROCK MAPLE,23.20
"Side,20 x 78 White",WXL Side Panel,820826,20,78,WHITE,WHITE,19.33
"Side,20 x 78 Windswept WINDSWEPT BRONZE",WXL Side Panel,810826,20,78,WINDSWEPT BRONZE,WINDSWEPT BRONZE,28.72
"Side,20 x 78 Windswept WINDSWEPT PEWTER",WXL Side Panel,830826,20,78,WINDSWEPT PEWTER,WINDSWEPT PEWTER,28.72
"Side,20 x 84 HARDROCK MAPLE",WXL Side Panel,800827,20,84,HARDROCK MAPLE,HARDROCK MAPLE,24.95
"Side,20 x 84 White",WXL Side Panel,820827,20,84,WHITE,WHITE,20.80
"Side,20 x 84 Windswept WINDSWEPT BRONZE",WXL Side Panel,810827,20,84,WINDSWEPT BRONZE,WINDSWEPT BRONZE,30.87
"Side,20 x 84 Windswept WINDSWEPT PEWTER",WXL Side Panel,830827,20,84,WINDSWEPT PEWTER,WINDSWEPT PEWTER,30.87
"Side,20 x 90 HARDROCK MAPLE",WXL Side Panel,800828,20,90,HARDROCK MAPLE,HARDROCK MAPLE,26.70
"Side,20 x 90 White",WXL Side Panel,820828,20,90,WHITE,WHITE,22.28
"Side,20 x 90 Windswept WINDSWEPT BRONZE",WXL Side Panel,810828,20,90,WINDSWEPT BRONZE,WINDSWEPT BRONZE,33.01
"Side,20 x 90 Windswept WINDSWEPT PEWTER",WXL Side Panel,830828,20,90,WINDSWEPT PEWTER,WINDSWEPT PEWTER,33.01
"Side,23 x 23.25 HARDROCK MAPLE",WXL Side Panel,800821,23,23.25,HARDROCK MAPLE,HARDROCK MAPLE,11.56
"Side,23 x 23.25 White",WXL Side Panel,820821,23,23.25,WHITE,WHITE,11.56
"Side,23 x 23.25 Windswept WINDSWEPT BRONZE",WXL Side Panel,810821,23,23.25,WINDSWEPT BRONZE,WINDSWEPT BRONZE,14.63
"Side,23 x 23.25 Windswept WINDSWEPT PEWTER",WXL Side Panel,830821,23,23.25,WINDSWEPT PEWTER,WINDSWEPT PEWTER,14.63
"Side,23 x 31 HARDROCK MAPLE",WXL Side Panel,800812,23,31,HARDROCK MAPLE,HARDROCK MAPLE,15.03
"Side,23 x 31 White",WXL Side Panel,820812,23,31,WHITE,WHITE,12.42
"Side,23 x 31 Windswept WINDSWEPT BRONZE",WXL Side Panel,810812,23,31,WINDSWEPT BRONZE,WINDSWEPT BRONZE,18.87
"Side,23 x 31 Windswept WINDSWEPT PEWTER",WXL Side Panel,830812,23,31,WINDSWEPT PEWTER,WINDSWEPT PEWTER,18.87
"Side,23 x 48 HARDROCK MAPLE",WXL Side Panel,800813,23,48,HARDROCK MAPLE,HARDROCK MAPLE,16.16
"Side,23 x 48 White",WXL Side Panel,820813,23,48,WHITE,WHITE,18.71
"Side,23 x 48 Windswept WINDSWEPT BRONZE",WXL Side Panel,810813,23,48,WINDSWEPT BRONZE,WINDSWEPT BRONZE,20.11
"Side,23 x 48 Windswept WINDSWEPT PEWTER",WXL Side Panel,830813,23,48,WINDSWEPT PEWTER,WINDSWEPT PEWTER,20.11
"Side,23 x 72 HARDROCK MAPLE",WXL Side Panel,800814,23,72,HARDROCK MAPLE,HARDROCK MAPLE,21.79
"Side,23 x 72 White",WXL Side Panel,820814,23,72,WHITE,WHITE,18.17
"Side,23 x 72 Windswept WINDSWEPT BRONZE",WXL Side Panel,810814,23,72,WINDSWEPT BRONZE,WINDSWEPT BRONZE,26.95
"Side,23 x 72 Windswept WINDSWEPT PEWTER",WXL Side Panel,830814,23,72,WINDSWEPT PEWTER,WINDSWEPT PEWTER,26.95
"Side,23 x 78 HARDROCK MAPLE",WXL Side Panel,800815,23,78,HARDROCK MAPLE,HARDROCK MAPLE,23.57
"Side,23 x 78 White",WXL Side Panel,820815,23,78,WHITE,WHITE,19.66
"Side,23 x 78 Windswept WINDSWEPT BRONZE",WXL Side Panel,810815,23,78,WINDSWEPT BRONZE,WINDSWEPT BRONZE,29.13
"Side,23 x 78 Windswept WINDSWEPT PEWTER",WXL Side Panel,830815,23,78,WINDSWEPT PEWTER,WINDSWEPT PEWTER,29.13
"Side,23 x 84 HARDROCK MAPLE",WXL Side Panel,800816,23,84,HARDROCK MAPLE,HARDROCK MAPLE,25.35
"Side,23 x 84 White",WXL Side Panel,820816,23,84,WHITE,WHITE,21.16
"Side,23 x 84 Windswept WINDSWEPT BRONZE",WXL Side Panel,810816,23,84,WINDSWEPT BRONZE,WINDSWEPT BRONZE,31.31
"Side,23 x 84 Windswept WINDSWEPT PEWTER",WXL Side Panel,830816,23,84,WINDSWEPT PEWTER,WINDSWEPT PEWTER,31.31
"Side,23 x 90 HARDROCK MAPLE",WXL Side Panel,800817,23,90,HARDROCK MAPLE,HARDROCK MAPLE,27.13
"Side,23 x 90 White",WXL Side Panel,820817,23,90,WHITE,WHITE,22.66
"Side,23 x 90 Windswept WINDSWEPT BRONZE",WXL Side Panel,810817,23,90,WINDSWEPT BRONZE,WINDSWEPT BRONZE,33.49
"Side,23 x 90 Windswept WINDSWEPT PEWTER",WXL Side Panel,830817,23,90,WINDSWEPT PEWTER,WINDSWEPT PEWTER,33.49
"Stretcher,3 x 22.5 w/HARDROCK MAPLE Edge",ZZ HOp Stretcher DON'T DELETE,801001,22.5,3,WHITE,HARDROCK MAPLE,2.21
"Stretcher,3 x 22.5 w/Windswept WINDSWEPT BRONZE Edge",ZZ HOp Stretcher DON'T DELETE,811001,22.5,3,WHITE,WINDSWEPT BRONZE,2.21
"Stretcher,3 x 22.5 w/Windswept WINDSWEPT PEWTER Edge",ZZ HOp Stretcher DON'T DELETE,831001,22.5,3,WHITE,WINDSWEPT PEWTER,2.21
"Stretcher,3 x 22.5 White",ZZ HOp Stretcher DON'T DELETE,821001,22.5,3,WHITE,WHITE,2.21
"Workbench,120 x 19 - Closed",NX Workbench Top (Finished Ends),890241,120,19,,,210.00
"Workbench,120 x 19 - Open",NX Workbench Top (Finished Ends),890242,120,19,,,210.00
"Workbench,120 x 26 - Closed",NX Workbench Top (Finished Ends),890243,120,26,,,210.00
"Workbench,120 x 26 - Open",NX Workbench Top (Finished Ends),890244,120,26,,,210.00
"Workbench,24 x 19 Closed",NX Workbench Top (Finished Ends),890201,24,19,,,73.50
"Workbench,24 x 19 Open",NX Workbench Top (Finished Ends),890202,24,19,,,73.50
"Workbench,24 x 26 - Closed",NX Workbench Top (Finished Ends),890203,24,26,,,73.50
"Workbench,24 x 26 Open",NX Workbench Top (Finished Ends),890204,24,26,,,73.50
"Workbench,48 x 19 Closed",NX Workbench Top (Finished Ends),890211,48,19,,,94.50
"Workbench,48 x 19 Open",NX Workbench Top (Finished Ends),890212,48,19,,,94.50
"Workbench,48 x 26 Closed",NX Workbench Top (Finished Ends),890213,48,26,,,94.50
"Workbench,48 x 26 Open",NX Workbench Top (Finished Ends),890214,48,26,,,94.50
"Workbench,72 x 19 - Open",NX Workbench Top (Finished Ends),890222,72,19,,,126.00
"Workbench,72 x 19 Closed",NX Workbench Top (Finished Ends),890221,72,19,,,126.00
"Workbench,72 x 26 - Closed",NX Workbench Top (Finished Ends),890223,72,26,,,126.00
"Workbench,72 x 26 - Open",NX Workbench Top (Finished Ends),890224,72,26,,,126.00
"Workbench,96 x 19 - Closed",NX Workbench Top (Finished Ends),890231,96,19,,,152.25
"Workbench,96 x 19 - Open",NX Workbench Top (Finished Ends),890232,96,19,,,152.25
"Workbench,96 x 26 - Closed",NX Workbench Top (Finished Ends),890233,96,26,,,152.25
"Workbench,96 x 26 - Open",NX Workbench Top (Finished Ends),890234,96,26,,,152.25
"Workbench,ButcherBlock 121 x 25",CTOP - Butcher Block,890005,121,25,,,577.50
"Workbench,ButcherBlock 24 x 25",CTOP - Butcher Block,890001,24,25,,,100.93
"Workbench,ButcherBlock 48 x 25",CTOP - Butcher Block,890002,48,25,,,210.00
"Workbench,ButcherBlock 72 x 25",CTOP - Butcher Block,890003,72,25,,,288.75
"Workbench,ButcherBlock 97 x 25",CTOP - Butcher Block,890004,97,25,,,414.75
"Workbench,PremierGarage Stainless 120 X 25",PG Stainless Workbench 120 X 25,890104,120,25,,,495.00
"Workbench,PremierGarage Stainless 24 X 25",PG Stainless Workbench 24 X 25,890100,24,25,,,132.00
"Workbench,PremierGarage Stainless 48 X 25",PG Stainless Workbench 48 X 25,890101,48,25,,,242.00
"Workbench,PremierGarage Stainless 72 X 25",PG Stainless Workbench 72 X 25,890102,72,25,,,330.00
"Workbench,PremierGarage Stainless 96 X 25",PG Stainless Workbench 96 X 25,890103,96,25,,,396.00