001,3/4_WHITE-2S,19-WHT-2S
002,3/4_AQ_WHITE-2S,19-ANT-2S
003,3/4_FULK_GREY-2S,19-FOL-2S
004,3/4_CARMEL_APPLE-2S,19-CAR-2S
005,3/4_WILD_APPLE-2S,19-WIL-2S
006,3/4_MAH_EXPESS-2S,19-MAH-2S
007,3/4_CHOCOLATE_APPLE-2S,19-CHO-2S
008,3/4_W/S_BRONZE-2S,19-BRO-2S,CL,HO
008,3/4_W/S_BRONZE/WHITE,19-BRO/WHT,NX,RTA
009,3/4_W/S_PEWTER-2S,19-PEW-2S,CL,HO
009,3/4_W/S_PEWTER/WHITE,19-PEW/WHT,NX,RTA
010,3/4_MAPLE-2S,19-MAP-2S,CL,HO
010,3/4_MAPLE/WHITE,19-MAP/WHT,NX,RTA
101,3/4_WHITE-2S,19-WHT-2S
102,3/4_AQ_WHITE-2S,19-ANT-2S
103,3/4_FULK_GREY-2S,19-FOL-2S
104,3/4_CARMEL_APPLE-2S,19-CAR-2S
105,3/4_WILD_APPLE-2S,19-WIL-2S
106,3/4_MAH_EXPESS-2S,19-MAH-2S
107,3/4_CHOCOLATE_APPLE-2S,19-CHO-2S
108,3/4_W/S_BRONZE-2S,19-BRO-2S,CL,HO
108,3/4_W/S_BRONZE/WHITE,19-BRO/WHT,NX,RTA
109,3/4_W/S_PEWTER-2S,19-PEW-2S,CL,HO
109,3/4_W/S_PEWTER/WHITE,19-PEW/WHT,NX,RTA
110,3/4_MAPLE-2S,19-MAP-2S,CL,HO
110,3/4_MAPLE/WHITE,19-MAP/WHT,NX,RTA
901,3/4_WHITE-2S,19-WHT-2S
902,3/4_AQ_WHITE-2S,19-ANT-2S
903,3/4_FULK_GREY-2S,19-FOL-2S
904,3/4_CARMEL_APPLE-2S,19-CAR-2S
905,3/4_WILD_APPLE-2S,19-WIL-2S
906,3/4_MAH_EXPESS-2S,19-MAH-2S
907,3/4_CHOCOLATE_APPLE-2S,19-CHO-2S
908,3/4_W/S_BRONZE-2S,19-BRO-2S,CL,HO
908,3/4_W/S_BRONZE/WHITE,19-BRO/WHT,NX,RTA
909,3/4_W/S_PEWTER-2S,19-PEW-2S,CL,HO
909,3/4_W/S_PEWTER/WHITE,19-PEW/WHT,NX,RTA
910,3/4_MAPLE-2S,19-MAP-2S,CL,HO
910,3/4_MAPLE/WHITE,19-MAP/WHT,NX,RTA
,3/4_RAW_PB,19-RAW-2S

