001,1_WHITE_PVC,.5x25-WHT,NX,RTA
002,1_ANTIQUE_PVC,.5x25-ANT,NX,RTA
003,1_GREY_PVC,.5x25-GRY,NX,RTA
004,1_DESERT_PVC,.5x25-DES,NX,RTA
005,1_AUTUMN_PVC,.5x25-AUT,NX,RTA
006,1_MAHOGANY_PVC,.5x25-MAH,NX,RTA
007,1_SABLE_PVC,.5x25-SAB,NX,RTA
008,1_BRONZE_PVC,.5x25-BRO,NX,RTA
009,1_PEWTER_PVC,.5x25-PEW,NX,RTA
010,1_MAPLE_PVC,.5x25-MAP,NX,RTA
101,1_WHITE_PVC,.5x25-WHT,NX,RTA
102,1_ANTIQUE_PVC,.5x25-ANT,NX,RTA
103,1_GREY_PVC,.5x25-GRY,NX,RTA
104,1_DESERT_PVC,.5x25-DES,NX,RTA
105,1_AUTUMN_PVC,.5x25-AUT,NX,RTA
106,1_MAHOGANY_PVC,.5x25-MAH,NX,RTA
107,1_SABLE_PVC,.5x25-SAB,NX,RTA
108,1_BRONZE_PVC,.5x25-BRO,NX,RTA
109,1_PEWTER_PVC,.5x25-PEW,NX,RTA
110,1_MAPLE_PVC,.5x25-MAP,NX,RTA
901,1_WHITE_PVC,.5x25-WHT,NX,RTA
902,1_ANTIQUE_PVC,.5x25-ANT,NX,RTA
903,1_GREY_PVC,.5x25-GRY,NX,RTA
904,1_DESERT_PVC,.5x25-DES,NX,RTA
905,1_AUTUMN_PVC,.5x25-AUT,NX,RTA
906,1_MAHOGANY_PVC,.5x25-MAH,NX,RTA
907,1_SABLE_PVC,.5x25-SAB,NX,RTA
908,1_BRONZE_PVC,.5x25-BRO,NX,RTA
909,1_PEWTER_PVC,.5x25-PEW,NX,RTA
910,1_MAPLE_PVC,.5x25-MAP,NX,RTA
