001,Panel,White
002,Panel,Antique White
003,Panel,Folkstone Gray
004,Panel,Carmel Apple
005,Panel,Wild Apple
006,Panel,Mahogany Impressions
007,Panel,Chocolate Apple
008,Panel,Windswept Bronze
009,Panel,Windswept Pewter
010,Panel,Hardrock Maple
a11,Panel,Powder Coat Red/Windswept Pewter
a12,Panel,Powder Coat Granite/Windswept Pewter
b11,Panel,Powder Coat Red/Windswept Pewter
b12,Panel,Powder Coat Granite/Windswept Pewter
403,Panel,Ebony Star 
101,Premium Panel,White
102,Premium Panel,Antique White
103,Premium Panel,Folkstone Gray
104,Premium Panel,Carmel Apple
105,Premium Panel,Wild Apple
106,Premium Panel,Mahogany Impressions
107,Premium Panel,Chocolate Apple
108,Premium Panel,Windswept Bronze
109,Premium Panel,Windswept Pewter
110,Premium Panel,Hardrock Maple
901,Home Office Panel,White
902,Home Office Panel,Antique White
903,Home Office Panel,Folkstone Gray
904,Home Office Panel,Carmel Apple
905,Home Office Panel,Wild Apple
906,Home Office Panel,Mahogany Impressions
907,Home Office Panel,Chocolate Apple
908,Home Office Panel,Windswept Bronze
909,Home Office Panel,Windswept Pewter
910,Home Office Panel,Hardrock Maple
100,Hardware,Polished Chrome
200,Hardware,Matte Nickel
300,Hardware,Oil Rubbed Bronze
301,Countertop,Laminate 1573 Frosty White 
302,Countertop,Laminate 1595 Black 
303,Countertop,Laminate 4552 Ebony Star
304,Countertop,Laminate 4781 Sunstone 
305,Countertop,Laminate 4789 Limestone 
306,Countertop,Laminate 4790 Greystone 
307,Countertop,Laminate 4791 Willowstone 
308,Countertop,Laminate 4794 Windswept Bronze
309,Countertop,Laminate 4795 Windswept Pewter
310,Countertop,Laminate 4882 Oiled Soapstone 
311,Countertop,Laminate 4883 Sable Soapstone
312,Countertop,Laminate 4884 Flame Soapstone 
313,Countertop,Laminate 4885 Green Soapstone
314,Countertop,Laminate 4886 Pearl Soapstone
315,Countertop,Laminate 4887 Tan Soapstone 
316,Countertop,Laminate 7921 Tuscan Walnut 
317,Countertop,Laminate 7942 Cocobala 
318,Countertop,Laminate 7948 Mambo 
319,Countertop,Laminate 10776 Kingstone Maple 
320,Countertop,Laminate D92 Dove Grey 
321,Countertop,Laminate D403 White Sand 
